{
  "dataset": "delta_3_cutoff_25_minedge_3",
  "timestamp": "20251216_123224",
  "epochs": [
    {
      "epoch": 1,
      "loss": 0.552440045773983,
      "auc": 0.459015528870897
    },
    {
      "epoch": 2,
      "loss": 0.4832097485661507,
      "auc": 0.5279079579325633
    },
    {
      "epoch": 3,
      "loss": 0.4424091264605522,
      "auc": 0.6927796842578093
    }
  ],
  "config": {
    "embedding_dim": 256,
    "hidden_dim": 256,
    "dropout": 0.3,
    "lr": 0.001,
    "weight_decay": 0.0001,
    "epochs": 3,
    "batch_size": 1024,
    "num_heads": 4
  },
  "final_auc": 0.6927796842578093
}