{
  "dataset": "delta_1_cutoff_0_minedge_3",
  "timestamp": "20251216_074726",
  "epochs": [
    {
      "epoch": 1,
      "loss": 0.5896310657262802,
      "auc": 0.9753595071901437
    },
    {
      "epoch": 2,
      "loss": 0.4894395709037781,
      "auc": 0.9748994979899597
    },
    {
      "epoch": 3,
      "loss": 0.44399561285972594,
      "auc": 0.982119642392848
    }
  ],
  "config": {
    "embedding_dim": 256,
    "hidden_dim": 256,
    "dropout": 0.3,
    "lr": 0.001,
    "weight_decay": 0.0001,
    "epochs": 3,
    "batch_size": 1024,
    "num_heads": 4
  },
  "final_auc": 0.982119642392848
}