{
  "dataset": "delta_5_cutoff_5_minedge_1",
  "timestamp": "20251216_144226",
  "epochs": [
    {
      "epoch": 1,
      "loss": 0.4806466355919838,
      "auc": 0.662134696712236
    },
    {
      "epoch": 2,
      "loss": 0.4338118702173233,
      "auc": 0.6886844436909791
    },
    {
      "epoch": 3,
      "loss": 0.39382215589284897,
      "auc": 0.7329364928023014
    }
  ],
  "config": {
    "embedding_dim": 256,
    "hidden_dim": 256,
    "dropout": 0.3,
    "lr": 0.001,
    "weight_decay": 0.0001,
    "epochs": 3,
    "batch_size": 1024,
    "num_heads": 4
  },
  "final_auc": 0.7329364928023014
}