{
  "dataset": "delta_5_cutoff_25_minedge_1",
  "timestamp": "20251216_143126",
  "epochs": [
    {
      "epoch": 1,
      "loss": 0.472500941157341,
      "auc": 0.6521093727310183
    },
    {
      "epoch": 2,
      "loss": 0.41364629119634627,
      "auc": 0.7139388783391286
    },
    {
      "epoch": 3,
      "loss": 0.3961975634098053,
      "auc": 0.7479874398480965
    }
  ],
  "config": {
    "embedding_dim": 256,
    "hidden_dim": 256,
    "dropout": 0.3,
    "lr": 0.001,
    "weight_decay": 0.0001,
    "epochs": 3,
    "batch_size": 1024,
    "num_heads": 4
  },
  "final_auc": 0.7479874398480965
}