{
  "dataset": "delta_3_cutoff_0_minedge_3",
  "timestamp": "20251216_120852",
  "epochs": [
    {
      "epoch": 1,
      "loss": 0.5411950066685677,
      "auc": 0.7332246449289859
    },
    {
      "epoch": 2,
      "loss": 0.45039753764867785,
      "auc": 0.8299379875975195
    },
    {
      "epoch": 3,
      "loss": 0.4058985099196434,
      "auc": 0.8520304060812163
    }
  ],
  "config": {
    "embedding_dim": 256,
    "hidden_dim": 256,
    "dropout": 0.3,
    "lr": 0.001,
    "weight_decay": 0.0001,
    "epochs": 3,
    "batch_size": 1024,
    "num_heads": 4
  },
  "final_auc": 0.8520304060812163
}