{
  "dataset": "delta_3_cutoff_25_minedge_1",
  "timestamp": "20251216_122033",
  "epochs": [
    {
      "epoch": 1,
      "loss": 0.5405415326356888,
      "auc": 0.714803665754471
    },
    {
      "epoch": 2,
      "loss": 0.45121450424194337,
      "auc": 0.7752033613356244
    },
    {
      "epoch": 3,
      "loss": 0.4083673611283302,
      "auc": 0.7754695156876472
    }
  ],
  "config": {
    "embedding_dim": 256,
    "hidden_dim": 256,
    "dropout": 0.3,
    "lr": 0.001,
    "weight_decay": 0.0001,
    "epochs": 3,
    "batch_size": 1024,
    "num_heads": 4
  },
  "final_auc": 0.7754695156876472
}