{
  "dataset": "delta_5_cutoff_0_minedge_3",
  "timestamp": "20251216_142551",
  "epochs": [
    {
      "epoch": 1,
      "loss": 0.46539752185344696,
      "auc": 0.7394633316658329
    },
    {
      "epoch": 2,
      "loss": 0.4270811602473259,
      "auc": 0.7901358679339671
    },
    {
      "epoch": 3,
      "loss": 0.3919484466314316,
      "auc": 0.791335667833917
    }
  ],
  "config": {
    "embedding_dim": 256,
    "hidden_dim": 256,
    "dropout": 0.3,
    "lr": 0.001,
    "weight_decay": 0.0001,
    "epochs": 3,
    "batch_size": 1024,
    "num_heads": 4
  },
  "final_auc": 0.791335667833917
}