{
  "dataset": "delta_5_cutoff_0_minedge_1",
  "timestamp": "20251216_142026",
  "epochs": [
    {
      "epoch": 1,
      "loss": 0.4640313655138016,
      "auc": 0.7248153373937909
    },
    {
      "epoch": 2,
      "loss": 0.438028022646904,
      "auc": 0.7377299352042079
    },
    {
      "epoch": 3,
      "loss": 0.41213321685791016,
      "auc": 0.763129084108827
    }
  ],
  "config": {
    "embedding_dim": 256,
    "hidden_dim": 256,
    "dropout": 0.3,
    "lr": 0.001,
    "weight_decay": 0.0001,
    "epochs": 3,
    "batch_size": 1024,
    "num_heads": 4
  },
  "final_auc": 0.763129084108827
}