{
  "dataset": "delta_5_cutoff_5_minedge_3",
  "timestamp": "20251216_144753",
  "epochs": [
    {
      "epoch": 1,
      "loss": 0.46112349182367324,
      "auc": 0.7100350175087545
    },
    {
      "epoch": 2,
      "loss": 0.42898978739976884,
      "auc": 0.7279631815907954
    },
    {
      "epoch": 3,
      "loss": 0.3979319080710411,
      "auc": 0.8087027513756879
    }
  ],
  "config": {
    "embedding_dim": 256,
    "hidden_dim": 256,
    "dropout": 0.3,
    "lr": 0.001,
    "weight_decay": 0.0001,
    "epochs": 3,
    "batch_size": 1024,
    "num_heads": 4
  },
  "final_auc": 0.8087027513756879
}