{
  "dataset": "delta_1_cutoff_0_minedge_1",
  "timestamp": "20251216_043721",
  "epochs": [
    {
      "epoch": 1,
      "loss": 0.5944211065769196,
      "auc": 0.7191539242712469
    },
    {
      "epoch": 2,
      "loss": 0.4864331156015396,
      "auc": 0.8115533799287339
    },
    {
      "epoch": 3,
      "loss": 0.4408755287528038,
      "auc": 0.847530378387965
    }
  ],
  "config": {
    "embedding_dim": 256,
    "hidden_dim": 256,
    "dropout": 0.3,
    "lr": 0.001,
    "weight_decay": 0.0001,
    "epochs": 3,
    "batch_size": 1024,
    "num_heads": 4
  },
  "final_auc": 0.847530378387965
}