{
  "dataset": "delta_1_cutoff_5_minedge_3",
  "timestamp": "20251216_105819",
  "epochs": [
    {
      "epoch": 1,
      "loss": 0.6136897176504135,
      "auc": 0.6577563102524101
    },
    {
      "epoch": 2,
      "loss": 0.4999055311083794,
      "auc": 0.7839513580543223
    },
    {
      "epoch": 3,
      "loss": 0.4538409262895584,
      "auc": 0.8997959918396736
    }
  ],
  "config": {
    "embedding_dim": 256,
    "hidden_dim": 256,
    "dropout": 0.3,
    "lr": 0.001,
    "weight_decay": 0.0001,
    "epochs": 3,
    "batch_size": 1024,
    "num_heads": 4
  },
  "final_auc": 0.8997959918396736
}